Book,Chapter,Verse,Ko,En,tags
마태복음,3,17,"그리고 하늘로부터 ""이는 내 사랑하는 아들이다. 내가 그를 좋아한다"" 하시는 소리가 들려왔다.","Then a voice from heaven said, ""This is my own dear Son, and I am pleased with him.""",사랑;세례
마태복음,5,43,"네 이웃을 사랑하고, 네 원수를 미워하여라' 하고 이른 것을, 너희가 들었다.","You have heard people say, ""Love your neighbors and hate your enemies.""",사랑;이웃
마태복음,5,44,"그러나 나는 너희에게 말한다. 너희의 원수를 사랑하고, 너희를 박해하는 사람을 위하여 기도하여라.",But I tell you to love your enemies and pray for anyone who mistreats you.,사랑;기도;원수
마태복음,5,46,"너희가 너희를 사랑하는 사람만 사랑하면, 무슨 상을 받겠느냐? 세리도 그만큼은 하지 않느냐?","If you love only those people who love you, will God reward you for that? Even tax collectors a) love their friends.",사랑;상
마태복음,6,24,"""아무도 두 주인을 섬기지 못한다. 한쪽을 미워하고 다른 쪽을 사랑하거나, 한쪽을 중히 여기고 다른 쪽을 업신여길 것이다. 너희는 하나님과 재물을 함께 섬길 수 없다.""",You cannot be the slave of two masters! You will like one more than the other or be more loyal to one than the other. You cannot serve both God and money.,사랑;미움
마태복음,10,37,"나보다 아버지나 어머니를 더 사랑하는 사람은 내게 적합하지 않고, 나보다 아들이나 딸을 더 사랑하는 사람도 내게 적합하지 않다.","If you love your father or mother or even your sons and daughters more than me, you are not fit to be my disciples.",사랑;헌신
마태복음,12,18,"보아라, 내가 뽑은 나의 종, 내 마음에 드는 사랑하는 자, 내가 내 영을 그에게 줄 것이니, 그는 이방 사람들에게 정의를 선포할 것이다.","""Here is my chosen servant! I love him, and he pleases me. I will give him my Spirit, and he will bring justice to the nations.",사랑;영;정의
마태복음,17,5,"베드로가 아직도 말을 채 끝내지 않았는데, 갑자기 빛나는 구름이 그들을 뒤덮었다. 그리고 구름 속에서 ""이는 내 사랑하는 아들이다. 내가 그를 좋아한다. 너희는 그의 말을 들어라"" 하는 소리가 들려왔다.","While Peter was still speaking, the shadow of a bright cloud passed over them. From the cloud a voice said, ""This is my own dear Son, and I am pleased with him. Listen to what he says!""",사랑;변화
마태복음,19,19,"부모를 공경하여라.' 그리고 '네 이웃을 네 몸과 같이 사랑하여라' 하는 계명들이 있지 않으냐?""","Respect your father and mother. And love others as much as you love yourself.""",사랑;부모;공경
마태복음,22,37,"예수께서 그에게 말씀하셨다. ""'네 마음을 다하고 네 목숨을 다하고, 네 뜻을 다하여, 주 너의 하나님을 사랑하여라' 하셨으니,","Jesus answered: Love the Lord your God with all your heart, soul, and mind.",사랑;섬김
마태복음,22,39,둘째 계명도 이것과 같은데 '네 이웃을 네 몸 같이 사랑하여라' 한 것이다.,"The second most important commandment is like this one. And it is, ""Love others as much as you love yourself.""",사랑;이웃
마태복음,24,12,"그리고 불법이 성하여, 많은 사람의 사랑이 식을 것이다.",Evil will spread and cause many people to stop loving others.,사랑;불법
마가복음,1,11,"그리고 하늘로부터 소리가 났다. ""너는 내 사랑하는 아들이다. 내가 너를 좋아한다.""","A voice from heaven said, ""You are my own dear Son, and I am pleased with you.""",사랑;세례
마가복음,9,7,"그런데 구름이 일어나서, 그들을 뒤덮었다. 그리고 구름 속에서 소리가 났다. ""이는 내 사랑하는 아들이다. 너희는 그의 말을 들어라.""","The shadow of a cloud passed over and covered them. From the cloud a voice said, ""This is my Son, and I love him. Listen to what he says!""",사랑;변화
마가복음,10,21,"예수께서 그를 눈여겨 보시고, 사랑스럽게 여기셨다. 그리고 그에게 말씀하셨다. ""너에게는 한 가지 부족한 것이 있다. 가서, 네가 가진 것을 다 팔아서, 가난한 사람들에게 주어라. 그리하면, 네가 하늘에서 보화를 차지하게 될 것이다. 그리고 와서, 나를 따라라.""","Jesus looked closely at the man. He liked him and said, ""There's one thing you still need to do. Go sell everything you own. Give the money to the poor, and you will have riches in heaven. Then come with me.""",사랑;구원
마가복음,12,6,"이제 그에게는 단 한 사람, 곧 사랑하는 아들이 남아 있었다. 마지막으로 그 아들을 그들에게 보내며 말하기를 '그들이 내 아들이야 존중하겠지' 하였다.","The owner had a son he loved very much. Finally, he sent his son to the renters because he thought they would respect him.",사랑;구원
마가복음,12,30,"네 마음을 다하고, 네 목숨을 다하고, 네 뜻을 다하고, 네 힘을 다하여, 주 너의 하나님을 사랑하여라.'","You must love him with all your heart, soul, mind, and strength.",사랑;마음
마가복음,12,31,"둘째는 이것이다. '네 이웃을 네 몸 같이 사랑하여라.' 이 계명보다 더 큰 계명은 없다.""","The second most important commandment says: 〈Love others as much as you love yourself.〉 No other commandment is more important than these.""",사랑;이웃
마가복음,12,33,"또 마음을 다하고 지혜를 다하고 힘을 다하여 하나님을 사랑하는 것과, 이웃을 자기 몸 같이 사랑하는 것이, 모든 번제와 희생제보다 더 낫습니다."""," It is also true that we must love God with all our heart, mind, and strength, and that we must love others as much as we love ourselves. These commandments are more important than all the sacrifices and offerings that we could possibly make.""",사랑;마음
마가복음,14,14,"그리고 그가 들어가는 집으로 가서, 그 집 주인에게 말하기를 '선생님께서 하시는 말씀이, 내가 내 제자들과 함께 유월절 음식을 먹을 내 사랑방이 어디에 있느냐고 하십니다' 하여라."," and when he goes into a house, say to the owner, 〈Our teacher wants to know if you have a room where he can eat the Passover meal with his disciples.>",사랑;사랑방
누가복음,2,52,"예수는 지혜와 키가 자라며, 하나님과 사람에게 더욱 사랑을 받았다.","Jesus became wise, and he grew strong. God was pleased with him and so were the people.",사랑;지혜
누가복음,3,22,"성령이 비둘기 같은 형체로 그의 위에 내려오셨다. 그리고 하늘로부터 소리가 났다. ""너는 내 사랑하는 아들이다. 내가 너를 좋아한다.""","and the Holy Spirit came down upon him in the form of a dove. A voice from heaven said, ""You are my own dear Son, and I am pleased with you.""",사랑;세례;성령
누가복음,6,27,"""그러나 내 말을 듣고 있는 너희에게 내가 말한다. 너희의 원수를 사랑하여라. 너희를 미워하는 사람들에게 잘 해주고,","This is what I say to all who will listen to me: Love your enemies, and be good to everyone who hates you.",사랑;원수
누가복음,6,32,"너희가 너희를 사랑하는 사람만 사랑하면, 그것이 너희에게 무슨 장한 일이 되겠느냐? 죄인들도 자기네를 사랑하는 사람들을 사랑한다.","If you love only someone who loves you, will God praise you for that? Even sinners love people who love them.",사랑;섬김
누가복음,6,35,"그러나 너희는 너희 원수를 사랑하고, 좋게 대하여 주고, 또 아무것도 바라지 말고 꾸어 주어라. 그러면 너희는 큰 상을 받을 것이요, 너희는 가장 높으신 분의 자녀가 될 것이다. 그분은 은혜를 모르는 자들과 악한 자들에게도 인자하시기 때문이다.","But love your enemies and be good to them. Lend without expecting to be paid back. o) Then you will get a great reward, and you will be the true children of God in heaven. He is good even to people who are unthankful and cruel.",사랑;은혜
누가복음,7,5,"그는 우리 민족을 사랑하는 사람이고, 우리에게 회당을 지어 주었습니다"" 하였다.",He loves our nation and even built us a meeting place.,사랑;민족
누가복음,7,42,"둘이 다 갚을 길이 없으므로, 돈놀이꾼은 둘에게 빚을 탕감해주었다. 그러면, 그 두 사람 가운데서, 누가 그를 더 사랑하겠느나?""","Since neither of them could pay him back, the moneylender said that they didn't have to pay him anything. Which one of them will like him more?",사랑;은혜;빚
누가복음,7,47,"그러므로, 내가 네게 말하거니와, 이 여자는 그 많은 죄를 용서받았다. 그것은 그가 많이 사랑하였기 때문이다. 용서받는 것이 적은 사람은 적게 사랑한다.""","So I tell you that all her sins are forgiven, and that is why she has shown great love. But anyone who has been forgiven for only a little will show only a little love.",사랑;용서;죄
누가복음,10,27,"그가 대답하였다. ""'네 마음을 다하고 네 목숨을 다하고 네 힘을 다하고 네 뜻을 다하여, 주 너의 하나님을 사랑하여라' 하였고, 또 '네 이웃을 네 몸같이 사랑하여라' 하였습니다.""","The man replied, ""The Scriptures say, 〈Love the Lord your God with all your heart, soul, strength, and mind.〉 They also say, 〈Love your neighbors as much as you love yourself.〉 """,사랑;하나님;이웃
누가복음,11,42,"바리새파 사람들아, 너희에게 화가 있을 것이다! 너희는 박하와 운향과 온갖 채소의 십일조는 바치면서, 정의와 하나님께 바치는 사랑은 소홀히 한다! 그런 것들도 소홀히 함이 없이 하고, 이것들도 반드시 해야 한다.","You Pharisees are in for trouble! You give God a tenth of the spices from your gardens, such as mint and rue. But you cheat people, and you don't love God. You should be fair and kind to others and still give a tenth to God.",사랑;정의
누가복음,16,13,"한 종이 두 주인을 섬기지 못한다. 그가 한쪽을 미워하고, 다른 쪽을 사랑하거나, 한쪽을 떠받들고, 다른 쪽을 업신여길 것이다. 너희는 하나님과 재물을 함께 섬길 수 없다.""",You cannot be the slave of two masters. You will like one more than the other or be more loyal to one than to the other. You cannot serve God and money.,사랑;재물
누가복음,20,13,그래서 포도원 주인은 말하였다. '어떻게 할까? 내 사랑하는 아들을 보내야겠다. 설마 그들이 내 아들이야 존중하겠지!',"The owner then said to himself, ""What am I going to do? I know what. I'll send my son, the one I love so much. They will surely respect him!""",사랑;은혜;포도원
요한복음,3,16,"하나님이 세상을 이처럼 사랑하셔서 독생자를 주셨으니, 누구든지 그를 믿으면 멸망하지 않고 영생을 얻을 것이다.","God loved the people of this world so much that he gave his only Son, so that everyone who has faith in him will have eternal life and never really die.",사랑;구원;은혜
요한복음,3,35,"아버지는 아들을 사랑하여, 모든 것을 아들의 손에 맡기셨다.",The Father loves the Son and has given him everything.,사랑;구원
요한복음,5,20,"아버지께서는 아들을 사랑하여, 하시는 일을 모두 아들에게 보여 주시기 때문이다. 또한 이보다 더 큰 일들을 아들에게 보여 주어서, 너희를 놀라게 하실 것이다.","The Father loves the Son and has shown him everything he does. The Father will show him even greater things, and you will be amazed.",사랑;사역
요한복음,5,42,"너희에게 하나님을 사랑하는 마음이 없는 것도, 내가 알고 있다.", but I do know that none of you love God.,사랑
요한복음,8,42,"예수께서 대답하셨다. ""하나님이 너희의 아버지라면, 너희가 나를 사랑할 것이다. 그것은 내가 하나님께로부터 나서 세상에 와 있기 때문이다. 내가 내 마음대로 온 것이 아니라, 아버지께서 나를 보내신 것이다.","Jesus answered: If God were your Father, you would love me, because I came from God and only from him. He sent me. I did not come on my own.",사랑;보내심
요한복음,10,17,아버지께서 나를 사랑하신다. 그것은 내가 목숨을 다시 얻으려고 내 목숨을 버리기 때문이다.,"The Father loves me, because I give up my life, so that I may receive it back again.",사랑;목숨
요한복음,11,3,"그 누이들이 사람을 예수께로 보내서 ""주님, 보십시오, 주께서 사랑하시는 사람이 앓고 있습니다"" 하고 말하였다.", The sisters sent a message to the Lord and told him that his good friend Lazarus was sick.,사랑;나사로
요한복음,11,5,예수께서는 마르다와 그의 자매와 나사로를 사랑하셨다.,Jesus loved Martha and her sister and brother.,사랑;마르다
요한복음,11,36,"그러자 유대 사람들은 ""보시오, 그가 얼마나 나사로를 사랑하였는가!"" 하고 말하였다.","and the people said, ""See how much he loved Lazarus.""",사랑;유대사람들
요한복음,12,25,"자기의 목숨을 사랑하는 사람은 잃을 것이요, 이 세상에서 자기의 목숨을 미워하는 사람은, 영생에 이르도록 그 목숨을 보존할 것이다."," If you love your life, you will lose it. If you give it up in this world, you will be given eternal life.",사랑;영원
요한복음,12,43,그들은 하나님의 영광보다도 사람의 영광을 더 사랑하였다.,"And besides, the leaders liked praise from others more than they liked praise from God.",사랑;영광
요한복음,13,1,"유월절 전에, 예수께서는 이 세상을 떠나 아버지께로 가야 할 때가 된 것을 아시고, 세상에 있는 자기의 사람들을 사랑하시되, 끝까지 사랑하셨다.","It was before Passover, and Jesus knew that the time had come for him to leave this world and to return to the Father. He had always loved his followers in this world, and he loved them to the very end.",사랑;유월절
요한복음,13,23,"제자들 가운데 한 사람, 곧 예수께서 사랑하시는 제자가 바로 예수의 품에 기대어 앉아 있었다.","Jesus' favorite disciple was sitting next to him at the meal,",사랑;제자
요한복음,13,33,"사랑하는 사람들아, 내가 아직 잠시 동안은 너희와 함께 있겠다. 그러나 너희가 나를 찾을 것이다. 내가 일찍이 유대 사람들에게 '내가 가는 곳에 너희는 올 수 없다'고 말한 것과 같이, 지금 나는 너희에게도 말하여 둔다.","My children, I will be with you for a little while longer. Then you will look for me, but you won't find me. I tell you just as I told the people, ""You cannot go where I am going.""",사랑;함께함
요한복음,13,34,"이제 나는 너희에게 새 계명을 준다. 서로 사랑하여라. 내가 너희를 사랑한 것과 같이, 너희도 서로 사랑하여라.","But I am giving you a new command. You must love each other, just as I have loved you.",사랑;새계명
요한복음,13,35,"너희가 서로 사랑하면, 모든 사람이 그것으로써 너희가 나의 제자인 줄을 알게 될 것이다."""," If you love each other, everyone will know that you are my disciples.",사랑;제자
요한복음,14,15,"""너희가 나를 사랑하면, 내 계명을 지킬 것이다.""","Jesus said to his disciples: If you love me, you will do as I command.",사랑;계명
요한복음,14,21,"내 계명을 받아서 지키는 사람은 나를 사랑하는 사람이요, 나를 사랑하는 사람은 내 아버지의 사랑을 받을 것이다. 그리고 나도 그 사람을 사랑하여, 그에게 나를 드러낼 것이다.""","If you love me, you will do what I have said, and my Father will love you. I will also love you and show you what I am like.",사랑;계명;순종
요한복음,14,23,"예수께서 그에게 대답하셨다. ""누구든지 나를 사랑하는 사람은 내 말을 지킬 것이다. 그러면 내 아버지께서 그 사람을 사랑하실 것이요, 우리는 그 사람에게로 가서 그 사람과 함께 살 것이다.""","Jesus replied: If anyone loves me, they will obey me. Then my Father will love them, and we will come to them and live in them.",사랑;말씀
요한복음,14,24,"나를 사랑하지 않는 사람은 내 말을 지키지 않는다. 너희가 듣고 있는 이 말은, 내 말이 아니라 나를 보내신 아버지의 말씀이다."," But anyone who doesn't love me, won't obey me. What they have heard me say doesn't really come from me, but from the Father who sent me.",사랑;말씀
요한복음,14,28,"너희는, 내가 갔다가 너희에게로 다시 온다고 한 내 말을 들었다. 너희가 나를 사랑한다면, 내가 아버지께로 가는 것을 기뻐할 것이다. 내 아버지께서는 나보다 크신 분이기 때문이다.","You have already heard me say that I am going and that I will also come back to you. If you really love me, you should be glad that I am going back to the Father, because he is greater than I am.",사랑;하나님
요한복음,14,31,"그러나 내가 아버지를 사랑하고 있다는 것과, 아버지께서 내게 분부하신 대로 내가 한다는 것을, 세상에 알려야 하겠다. 일어나라. 여기에서 떠나자."""," I obey my Father, so that everyone in the world might know that I love him. It is time for us to go now.",사랑;순종;세상
요한복음,15,9,"아버지께서 나를 사랑하신 것과 같이, 나도 너희를 사랑하였다. 너희는 내 사랑 안에 머물러 있어라.","I have loved you, just as my Father has loved me. So remain faithful to my love for you.",사랑;머뭄
요한복음,15,10,"너희가 나의 계명을 지키면, 나의 사랑 안에 머물러 있을 것이다. 그것은 마치 내가 나의 아버지의 계명을 지켜서 그 사랑 안에 머물러 있는 것과 같다."," If you obey me, I will keep loving you, just as my Father keeps loving me, because I have obeyed him.",사랑;말씀
요한복음,15,12,"나의 계명은 이것이다. 내가 너희를 사랑한 것과 같이, 너희도 서로 사랑하여라.","Now I tell you to love each other, as I have loved you.",사랑;계명
요한복음,15,13,사람이 친구를 위하여 목숨을 버리면 이보다 더 큰 사랑은 없다.,The greatest way to show love for friends is to die for them.,사랑;친구;목숨
요한복음,15,17,"내가 너희에게 명하는 것은 이것이다. 너희는 서로 사랑하여라.""",So I command you to love each other.,사랑;명령
요한복음,15,19,"너희가 세상에 속하였더라면, 세상이 너희를 자기 사람이라고 하여 사랑했을 것이다. 그러나 너희는 세상에 속하지 않고, 도리어 내가 너희를 세상에서 가려 뽑았으므로, 세상이 너희를 미워한다.","If you belonged to the world, its people would love you. But you don't belong to the world. I have chosen you to leave the world behind, and that is why its people hate you.",사랑;세상;미움
요한복음,16,27,"아버지께서는 친히 너희를 사랑하신다. 너희가 나를 사랑하였고, 또 내가 하나님께로부터 왔음을 믿었기 때문이다.","God the Father loves you because you love me, and you believe that I have come from him.",사랑;아버지
요한복음,17,23,"내가 그들 안에 있고 아버지께서 내 안에 계신 것은, 그들이 완전히 하나가 되게 하려는 것입니다. 이것은 또, 아버지께서 나를 보내셨다는 것과, 아버지께서 나를 사랑하신 것과 같이 그들도 사랑하셨다는 것을, 세상이 알게 하려는 것입니다.","I am one with them, and you are one with me, so that they may become completely one. Then this world's people will know that you sent me. They will know that you love my followers as much as you love me.",사랑;완전;하나
요한복음,17,24,"아버지, 아버지께서 내게 주신 사람들도, 내가 있는 곳에 나와 함께 있게 하여 주시고, 창세 전부터 아버지께서 나를 사랑하셔서 내게 주신 내 영광을, 그들도 보게 하여 주시기를 빕니다.","Father, I want everyone you have given me to be with me, wherever I am. Then they will see the glory that you have given me, because you loved me before the world was created.",사랑;영광
요한복음,17,26,"나는 이미 그들에게 아버지의 이름을 알렸고, 앞으로도 알리겠습니다. 그것은, 아버지께서 나를 사랑하신 그 사랑이 그들 안에 있게 하고, 또한 나를 그들 안에 있게 하려는 것입니다.""","I told them what you are like, and I will tell them even more. Then the love that you have for me will become part of them, and I will be one with them.",사랑;이름
요한복음,19,26,"예수께서는 자기 어머니를 보시고, 또 그 곁에 자기가 사랑하는 제자가 서 있는 것을 보시고, 어머니에게 ""여자여, 이 사람이 어머니의 아들입니다"" 하고 말씀하시고,","When Jesus saw his mother and his favorite disciple with her, he said to his mother, ""This man is now your son.""",사랑;제자;어머니
요한복음,20,2,"그러므로 그 여자는 뛰어서, 시몬 베드로와 예수께서 사랑하시던 그 다른 제자에게로 가서 ""누가 주님을 무덤에서 가져 갔습니다. 어디에 두었는지 모르겠습니다"" 하고 말하였다.","She ran to Simon Peter and to Jesus' favorite disciple and said, ""They have taken the Lord from the tomb! We don't know where they have put him.""",사랑;무덤
요한복음,21,7,"예수께서 사랑하시던 그 제자가 베드로에게 ""저분은 주님이시다"" 하고 말하였다. 시몬 베드로는 주님이라는 말을 듣고서, 벗은 몸에 겉옷을 두르고 바다로 뛰어내렸다.","Jesus' favorite disciple told Peter, ""It's the Lord!"" When Simon heard that it was the Lord, he put on the clothes that he had taken off while he was working. Then he jumped into the water.",사랑;주님
요한복음,21,15,"그들이 아침을 먹은 뒤에, 예수께서 시몬 베드로에게 물으셨다. ""요한의 아들 시몬아, 네가 이 사람들보다 나를 더 사랑하느냐?"" 베드로가 대답하였다. ""주님, 그렇습니다. 내가 주님을 사랑하는 줄을 주께서 아십니다."" 예수께서 그에게 ""내 어린 양을 먹여라"" 하고 말씀하셨다.","When Jesus and his disciples had finished eating, he asked, ""Simon son of John, do you love me more than the others do?"" q)
Simon Peter answered, ""Yes, Lord, you know I do!""
""Then feed my lambs,"" Jesus said.",사랑;헌신
요한복음,21,16,"예수께서 두 번째로 물으셨다. ""요한의 아들 시몬아, 네가 나를 사랑하느냐?"" 베드로가 대답하였다. ""주님, 그렇습니다. 내가 주님을 사랑하는 줄을 주께서 아십니다."" 예수께서 그에게 말씀하셨다. ""내 양을 쳐라.""","Jesus asked a second time, ""Simon son of John, do you love me?""
Peter answered, ""Yes, Lord, you know I love you!""
""Then take care of my sheep,"" Jesus told him.",사랑;헌신
요한복음,21,17,"예수께서 세 번째로 물으셨다. ""요한의 아들 시몬아, 네가 나를 사랑하느냐?"" 그 때에 베드로는 예수께서 '네가 나를 사랑하느냐?' 하고 세 번이나 물으시므로, 불안해서 ""주님, 주께서는 모든 것을 아십니다. 그러므로 내가 주님을 사랑하는 줄을 주께서 아십니다"" 하고 대답하였다. 예수께서 그에게 말씀하셨다. ""내 양을 먹여라.","Jesus asked a third time, ""Simon son of John, do you love me?""
Peter was hurt because Jesus had asked him three times if he loved him. So he told Jesus, ""Lord, you know everything. You know I love you.""",사랑;헌신
요한복음,21,20,"베드로가 돌아다보니, 예수께서 사랑하시던 제자가 따라오고 있었다. 이 제자는 마지막 만찬 때에 예수의 가슴에 기대어서 ""주님, 주님을 넘겨 줄 자가 누구입니까?"" 하고 묻던 사람이다.","Peter turned and saw Jesus' favorite disciple following them. He was the same one who had sat next to Jesus at the meal and had asked, ""Lord, who is going to betray you?""",사랑;제자;배신
사도행전,15,25,"그래서 우리는 몇 사람을 뽑아서, 사랑하는 바나바와 바울과 함께 여러분에게 보내기로 만장일치로 결정하였습니다.",So we met together and decided to choose some men and to send them to you along with our good friends Barnabas and Paul.,사랑;선교
로마서,1,7,"하나님께서 사랑하셔서 당신의 성도로 부르심을 받은 로마에 있는 모든 신도에게, 우리 하나님 아버지와 주 예수 그리스도께서 내려 주시는 은혜와 평화가 있기를 빕니다.","This letter is to all of you in Rome. God loves you and has chosen you to be his very own people.
I pray that God our Father and our Lord Jesus Christ will be kind to you and will bless you with peace!",사랑;은혜;평강
로마서,5,5,"이 희망은 우리를 실망시키지 않습니다. 그것은, 하나님께서 우리에게 주신 성령으로 하나님의 사랑을 우리 마음 속에 부어 주셨기 때문입니다.","that will never disappoint us. All of this happens because God has given us the Holy Spirit, who fills our hearts with his love.",사랑;희망;성령
로마서,5,8,"그러나 우리가 아직 죄인으로 있을 때에, 그리스도께서는 우리를 위하여 죽으심으로써, 하나님께서 우리에게 주시는 사랑을 나타내셨습니다.","But God showed how much he loved us by having Christ die for us, even though we were sinful.",사랑;죄인
로마서,8,28,"우리는 하나님을 사랑하는 사람들, 곧 하나님의 뜻대로 부르심을 받은 사람들에게는, 모든 일이 서로 협력해서 선을 이룬다는 것을 압니다."," We know that God is always at work for the good of everyone who loves him. o) They are the ones God has chosen for his purpose,",사랑;뜻;선
로마서,8,35,"누가 우리를 그리스도의 사랑에서 끊을 수 있겠습니까? 환난입니까, 곤고입니까, 핍박입니까, 굶주림입니까, 헐벗음입니까, 위협입니까, 또는 칼입니까?","Can anything separate us from the love of Christ? Can trouble, suffering, and hard times, or hunger and nakedness, or danger and death?",사랑;환란;곤고;핍박;굶주림;헐벗음
로마서,8,37,"그러나 우리는 이 모든 일에서 우리를 사랑하여 주신 그분을 힘입어서, 이기고도 남습니다.",In everything we have won more than a victory because of Christ who loves us.,사랑;힘
로마서,8,39,"높음도, 깊음도, 그 밖에 어떤 피조물도, 우리를 우리 주 예수 그리스도 안에 있는 하나님의 사랑에서 끊을 수 없습니다.",and not powers above or powers below. Nothing in all creation can separate us from God's love for us in Christ Jesus our Lord!,사랑;피조물
로마서,9,13,"그것은 기록된 바 ""내가 야곱을 사랑하고, 에서를 미워하였다"" 한 것과 같습니다.",That's why the Scriptures say that the Lord liked Jacob more than Esau.,사랑;택함
로마서,9,25,"그것은, 하나님께서 호세아의 글 속에서 하신 말씀과 같습니다. ""나는, 내 백성이 아닌 사람을 '내 백성'이라고 하겠다. 내가 사랑하지 않던 백성을 '사랑하는 백성'이라고 하겠다."""," just as the Lord says in the book of Hosea, ""Although they are not my people, I will make them my people. I will treat with love those nations that have never been loved.",사랑;택함
로마서,11,28,"복음을 따라 판단하면, 이스라엘 사람들은 여러분이 잘 되라고 하나님의 원수가 되었지만, 택하심을 받은 것을 따라 판단하면, 이스라엘 사람들은 조상 덕분에 하나님의 사랑을 받는 사람들입니다.","The people of Israel are treated as God's enemies, so that the good news can come to you Gentiles. But they are still the chosen ones, and God loves them because of their famous ancestors.",사랑;택함;복음
로마서,12,9,"사랑에는 거짓이 없어야 합니다. 악한 것을 미워하고, 선한 것을 굳게 잡으십시오.",Be sincere in your love for others. Hate everything that is evil and hold tight to everything that is good.,사랑;거짓;선한 것
로마서,12,10,"육친의 사랑으로 서로 다정하게 대하며, 존경하기를 서로 먼저 하십시오.",Love each other as brothers and sisters and honor others more than you do yourself.,사랑;존경;다정
로마서,12,19,"사랑하는 여러분, 여러분은 스스로 원수를 갚지 말고, 그 일은 하나님의 진노하심에 맡기십시오. 성경에도 기록되기를 ""'원수 갚는 것은 내가 할 일이니, 내가 갚겠다'고 주님께서 말씀하신다"" 하였습니다.","Dear friends, don't try to get even. Let God take revenge. In the Scriptures the Lord says, ""I am the one to take revenge and pay them back.""",사랑;진노;용서
로마서,13,8,"서로 사랑하는 것 외에는, 아무에게도 빚을 지지 마십시오. 남을 사랑하는 사람은 율법을 다 이루었습니다.","Let love be your only debt! If you love others, you have done all that the Law demands.",사랑;율법;빚
로마서,13,9,"""간음하지 말아라. 살인하지 말아라. 도둑질하지 말아라. 탐내지 말아라"" 하는 계명과, 그 밖에 또 다른 계명이 있을지라도, 모든 계명은 ""네 이웃을 네 몸과 같이 사랑하여라"" 하는 말씀에 요약되어 있습니다.","In the Law there are many commands, such as, ""Be faithful in marriage. Do not murder. Do not steal. Do not want what belongs to others."" But all of these are summed up in the command that says, ""Love others as much as you love yourself.""",사랑;간음;살인;도둑질;탐욕
로마서,13,10,사랑은 이웃에게 해를 입히지 않습니다. 그러므로 사랑은 율법의 완성입니다.,No one who loves others will harm them. So love is all that the Law demands.,사랑;율법;완성
로마서,14,15,"여러분 각자가 음식 문제로 형제자매의 마음을 상하게 하면, 그것은 이미 사랑을 따라 살지 않는 것입니다. 음식 문제로 그 사람을 망하게 하지 마십시오. 그리스도께서 그 사람을 위하여 죽으셨습니다.","If you are hurting others by the foods you eat, you are not guided by love. Don't let your appetite destroy someone Christ died for.",사랑;음식
로마서,15,30,"형제자매 여러분, 내가 우리 주 예수 그리스도를 힘입어서, 그리고 성령의 사랑을 힘입어서 여러분에게 부탁합니다. 나도 기도합니다만, 여러분도 나를 위하여 하나님께 열심으로 기도해 주십시오.","My friends, by the power of the Lord Jesus Christ and by the love that comes from the Holy Spirit, I beg you to pray sincerely with me and for me.",사랑;성령;기도
로마서,16,5,그리고 그들의 집에서 모이는 교회에도 문안하여 주십시오. 나의 사랑하는 에배네도에게 문안하여 주십시오. 그는 아시아에서 그리스도를 믿은 첫 열매입니다.,"Greet the church that meets in their home.
Greet my dear friend Epaenetus, who was the first person in Asia to have faith in Christ.",사랑;교회;아시아;열매
로마서,16,8,주 안에 있는 나의 사랑하는 암블리아에게 문안하여 주십시오.,"Greet Ampliatus, my dear friend whose faith is in the Lord.",사랑;인사
로마서,16,9,그리스도 안에서 우리의 동역자인 우르바노와 나의 사랑하는 스다구에게 문안하여 주십시오.,"Greet Urbanus, who serves Christ along with us.
Greet my dear friend Stachys.",사랑;인사
로마서,16,12,주 안에서 수고한 드루배나와 드루보사에게 문안하여 주십시오. 주 안에서 수고를 많이 한 사랑하는 버시에게 문안하여 주십시오.,"Greet Tryphaena and Tryphosa, who work hard for the Lord.
Greet my dear friend Persis. She also works hard for the Lord.",사랑;수고;인사
고린도전서,2,9,"그러나 성경에 기록한 바 ""눈으로 보지 못하고, 귀로 듣지 못하고, 사람의 마음에 떠오르지 않은 것들을 하나님께서는 자기를 사랑하는 사람들에게 마련해 주셨다"" 함과 같습니다.","But it is just as the Scriptures say, ""What God has planned for people who love him is more than eyes have seen or ears have heard. It has never even entered our minds!""",사랑;눈;귀
고린도전서,4,14,"내가 이런 말을 쓰는 것은, 여러분을 부끄럽게 하려는 것이 아니라, 나의 사랑하는 자녀들과 같이 훈계하려는 것입니다.","I am not writing to embarrass you. I want to help you, just as parents help their own dear children.",사랑;훈계
고린도전서,4,17,"이 일 때문에 나는 디모데를 여러분에게 보냈습니다. 그는 주 안에서 사랑하는 신실한 나의 아들입니다. 그는, 내가 어디에서나 모든 교회에서 가르치는 대로, 그리스도 예수 안에서 살아가는 나의 생활방식을 여러분에게 되새기게 해줄 것입니다.","That's why I sent Timothy to you. I love him like a son, and he is a faithful servant of the Lord. Timothy will tell you what I do to follow Christ and how it agrees with what I always teach about Christ in every church.",사랑;소개
고린도전서,4,21,"여러분은 무엇을 원합니까? 내가 채찍을 가지고 여러분에게로 가는 것이 좋겠습니까? 그렇지 않으면, 사랑과 온유한 마음을 가지고 가는 것이 좋겠습니까?",What do you want me to do when I arrive? Do you want me to be hard on you or to be kind and gentle?,사랑;온유
고린도전서,8,1,"우상에게 바친 고기에 관하여 말하겠습니다. 우리는 우리 모두가 지식이 있는 줄로 압니다. 지식은 사람을 교만하게 하고, 사랑은 덕을 세웁니다.","I have heard terrible things about some of you. In fact, you are behaving worse than the Gentiles. A man is even sleeping with his own stepmother.",사랑;우상;교만;덕
고린도전서,8,3,"그러나 하나님을 사랑하는 사람은, 하나님께서 그를 알아 주십니다.","I am with you only in my thoughts. But in the name of our Lord Jesus I have already judged this man, as though I were with you in person. So when you meet together and the power of the Lord Jesus is with you, I will be there too.",사랑;하나님
고린도전서,10,14,"그러므로 나의 사랑하는 여러분, 우상 숭배를 멀리하십시오.","My friends, you must keep away from idols.",사랑;우상숭배
고린도전서,13,1,"내가 사람의 방언과 천사의 방언으로 말을 할지라도, 내게 사랑이 없으면, 울리는 징이나 요란한 꽹과리가 될 뿐입니다."," What if I could speak all languages of humans and of angels? If I did not love others, I would be nothing more than a noisy gong or a clanging cymbal.",사랑;방언;천사
고린도전서,13,2,"내가 예언하는 능력을 가지고 있을지라도, 또 내가 모든 비밀과 모든 지식을 가지고 있을지라도, 또 산을 옮길 만한 모든 믿음을 가지고 있을지라도, 내게 사랑이 없으면, 아무것도 아닙니다.","What if I could prophesy and understand all secrets and all knowledge? And what if I had faith that moved mountains? I would be nothing, unless I loved others.",사랑;예언
고린도전서,13,3,"내가 내 모든 재산을 나누어 줄지라도, 자랑스러운 일을 하려고 내 몸을 넘겨 줄지라도, 내게 사랑이 없으면, 내게는 아무런 이로움이 없습니다."," What if I gave away all that I owned and let myself be burned alive? y) I would gain nothing, unless I loved others.",사랑;재산;이로움
고린도전서,13,4,"사랑은 오래 참고, 친절합니다. 사랑은 시기하지 않으며, 뽐내지 않으며, 교만하지 않습니다.","Love is kind and patient, never jealous, boastful, proud, or",사랑;인내;친절;교만
고린도전서,13,5,"사랑은 무례하지 않으며, 자기의 이익을 구하지 않으며, 성을 내지 않으며, 원한을 품지 않습니다.",rude. Love isn't selfish or quick tempered. It doesn't keep a record of wrongs that others do.,사랑;무례함;이익;원한
고린도전서,13,6,"사랑은 불의를 기뻐하지 않으며, 진리와 함께 기뻐합니다.","Love rejoices in the truth, but not in evil.",사랑;불의;진리
고린도전서,13,7,"사랑은 모든 것을 덮어 주며, 모든 것을 믿으며, 모든 것을 바라며, 모든 것을 견딥니다.","Love is always supportive, loyal, hopeful, and trusting.",사랑;용서;인내
고린도전서,13,8,"사랑은 없어지지 않습니다. 그러나 예언도 사라지고, 방언도 그치고, 지식도 사라집니다.","Love never fails! Everyone who prophesies will stop, and unknown languages will no longer be spoken. All that we know will be forgotten.",사랑;예언;지식
고린도전서,13,13,"그러므로 믿음, 소망, 사랑, 이 세 가지는 항상 있을 것인데, 그 가운데서 으뜸은 사랑입니다.","For now there are faith, hope, and love. But of these three, the greatest is love.",사랑;믿음;소망
고린도전서,14,1,사랑을 추구하십시오. 신령한 은사를 열심히 구하십시오. 특히 예언하기를 열망하십시오.,"Love should be your guide. Be eager to have the gifts that come from the Holy Spirit, especially the gift of prophecy.",사랑;은사;예언
고린도전서,15,58,"그러므로 나의 사랑하는 형제자매 여러분, 굳게 서서 흔들리지 말고, 주님의 일을 더욱 많이 하십시오. 여러분이 아는 대로, 여러분의 수고가 주님 안에서 헛되지 않습니다.","My dear friends, stand firm and don't be shaken. Always keep busy working for the Lord. You know that everything you do for him is worthwhile.",사랑;수고;헌신
고린도전서,16,14,모든 일을 사랑으로 하십시오.,Show love in everything you do.,사랑;행함
고린도전서,16,22,"누구든지 주님을 사랑하지 않는 자는 저주를 받으라! 마라나 타, 우리 주님, 오십시오.",I pray that God will put a curse on everyone who doesn't love the Lord. And may the Lord come soon.,사랑;저주
고린도전서,16,24,나는 그리스도 예수 안에서 여러분 모두를 사랑합니다. 아멘.,I love everyone who belongs to Christ Jesus.,사랑;축복
고린도후서,2,4,"나는 몹시 괴로워하면서, 걱정스러운 마음으로, 많은 눈물을 흘리면서 여러분에게 그 편지를 썼습니다. 그러나 그것은 여러분을 마음 아프게 하려고 한 것이 아니라, 내가 여러분을 얼마나 극진히 사랑하고 있는지를 여러분에게 알려 주려고 한 것입니다.","At the time I wrote, I was suffering terribly. My eyes were full of tears, and my heart was broken. But I didn't want to make you feel bad. I only wanted to let you know how much I cared for you.",사랑;인사
고린도후서,2,8,"그러므로 나는, 여러분이 그에게 사랑을 나타내 보이기를 권합니다.",You should make them sure of your love for them.,사랑
고린도후서,5,14,"그리스도의 사랑이 우리를 휘어잡습니다. 우리가 확신하기로는, 한 사람이 모든 사람을 대신하여 죽으셨으니, 모든 사람이 죽은 셈입니다.","We are ruled by Christ's love for us. We are certain that if one person died for everyone else, then all of us have died.",사랑;구원;확신
고린도후서,6,6,"또 우리는, 순결과 지식과 인내와 친절과 성령의 감화와 거짓 없는 사랑과","But we have kept ourselves pure and have been understanding, patient, and kind. The Holy Spirit has been with us, and our love has been real.",사랑;순결;지식;인내;친절
고린도후서,7,1,"그러므로 사랑하는 여러분, 우리는 이러한 약속을 받았으니, 육과 영의 모든 더러움에서 떠나서 자기를 깨끗하게 하고, 하나님을 두려워하는 삶 가운데서 온전히 거룩하게 됩시다.","My friends, God has made us these promises. So we should stay away from everything that keeps our bodies and spirits from being clean. We should honor God and try to be completely like him.",사랑;순결함
고린도후서,7,15,"디도는, 여러분 모두가 두렵고 떨리는 마음으로 자기를 영접하고 자기에게 순종한 것을 회상하면서, 사랑하는 마음을 더욱더 여러분에게 기울이고 있습니다.","Titus loves all of you very much, especially when he remembers how you obeyed him and how you trembled with fear when you welcomed him.",사랑;영접;순종
고린도후서,8,7,"여러분은 모든 일에 뛰어납니다. 곧 믿음에서, 말솜씨에서, 지식에서, 열성에서, 우리와 여러분 사이의 사랑에서 그러합니다. 그것은 여러분이 이 은혜로운 활동에서도 뛰어나게 하려는 것입니다.","You do everything better than anyone else. You have stronger faith. You speak better and know more. You are eager to give, and you love us better. i) Now you must give more generously than anyone else.",사랑;은혜
고린도후서,8,8,"나는 이 말을 명령으로 하는 것이 아닙니다. 다른 사람들의 열성을 말함으로써, 여러분의 사랑도 진실하다는 것을 확인하려고 하는 것뿐입니다.",I am not ordering you to do this. I am simply testing how real your love is by comparing it with the concern that others have shown.,사랑;열성;헌신
고린도후서,8,24,"그러므로 여러분은 그들에게 여러분의 사랑을 보여 주십시오. 그러면 그들을 파견한 교회들이 그것을 보고서, 우리가 그들에게 여러분을 자랑한 것이 참된 것이었음을 확인할 것입니다.",Treat them in such a way that the churches will see your love and will know why we bragged about you.,사랑;교회
고린도후서,9,7,"각자 그 마음에 정한 대로 해야 하고, 아까워하면서 내거나, 마지 못해서 하는 일은 없어야 합니다. 하나님께서는 기쁜 마음으로 내는 사람을 사랑하십니다.",Each of you must make up your own mind about how much to give. But don't feel sorry that you must give and don't feel that you are forced to give. God loves people who love to give.,사랑;기쁜 마음
고린도후서,11,11,"내가 왜 이렇게 한다고 생각하십니까? 내가 여러분을 사랑하지 않기 때문입니까? 내가 여러분을 사랑한다는 것은, 하나님께서 알고 계십니다.",And it isn't because I don't love you. God himself knows how much I do love you.,사랑;하나님
고린도후서,12,15,"나는 여러분을 위해서라면, 기쁜 마음으로 비용을 쓰겠고, 내 몸까지도 희생하겠습니다. 내가 여러분을 더 많이 사랑하면 할수록, 여러분이 나를 덜 사랑하시겠습니까?",So I will gladly give all that I have and all that I am. Will you love me less for loving you too much?,사랑;희생
고린도후서,12,19,"아마도 여러분은, 우리가 지금까지 여러분 앞에서 자기 변명을 하고 있는 줄로 생각할 것입니다. 그러나 우리는 그리스도를 믿는 사람으로서, 하나님 앞에서 말하는 것입니다. 사랑하는 교우 여러분, 이 모든 것은 여러분에게 덕이 되게 하려고 하는 것입니다.","Have you been thinking all along that we have been defending ourselves to you? Actually, we have been speaking to God as followers of Christ. But, my friends, we did it all for your good.",사랑;덕
고린도후서,13,11,"끝으로 말합니다. 형제자매 여러분, 기뻐하십시오. 온전하게 되기를 힘쓰십시오. 서로 격려하십시오. 같은 마음을 품으십시오. 화평하게 지내십시오. 그러면 사랑과 평화의 하나님이 여러분과 함께 계실 것입니다.","Good-by, my friends. Do better and pay attention to what I have said. Try to get along and live peacefully with each other.",사랑;온전;평화
고린도후서,13,13,주 예수 그리스도의 은혜와 하나님의 사랑과 성령의 사귐이 여러분에게 있기를 빕니다.,"I pray that the Lord Jesus Christ will bless you and be kind to you! May God bless you with his love, and may the Holy Spirit join all your hearts together.",사랑;사귐;성령
갈라디아서,2,20,"나는 그리스도와 함께 십자가에 못박혔습니다. 이제 사는 것은 내가 아닙니다. 그리스도께서 내 안에서 사시는 것입니다. 내가 지금 육신 안에서 사는 것은 나를 사랑하셔서, 나를 대신하여 자기 몸을 내주신 하나님의 아들을 믿는 믿음 안에서 사는 것입니다.","I have died, but Christ lives in me. And I now live by faith in the Son of God, who loved me and gave his life for me.",사랑;십자가
갈라디아서,5,6,"그리스도 예수 안에서는, 할례를 받거나 안 받는 것이 문제가 되는 것이 아닙니다. 가장 중요한 것은, 사랑으로 역사하는 믿음입니다.","If you are a follower of Christ Jesus, it makes no difference whether you are circumcised or not. All that matters is your faith that makes you love others.",사랑;할례
갈라디아서,5,13,"형제자매 여러분, 하나님께서는 여러분을 부르셔서, 자유하게 하셨습니다. 그러나 여러분은 그 자유를 육체의 욕망을 만족시키는 구실로 삼지 말고, 사랑으로 서로 섬기십시오.","My friends, you were chosen to be free. So don't use your freedom as an excuse to do anything you want. Use it as an opportunity to serve each other with love.",사랑;욕망
갈라디아서,5,14,"모든 율법은 ""네 이웃을 네 몸과 같이 사랑하여라"" 하신 한 마디 말씀 속에 다 들어 있습니다.",All that the Law says can be summed up in the command to love others as much as you love yourself.,사랑;율법
갈라디아서,5,22,그러나 성령의 열매는 사랑과 기쁨과 평화와 인내와 친절과 선함과 신실과,"God's Spirit makes us loving, happy, peaceful, patient, kind, good, faithful,",사랑;성령;열매
에베소서,1,4,"하나님께서는 우리를 사랑하셔서, 하나님 앞에서 거룩하고 흠이 없게 하시려고, 창세 전에 우리를 그리스도 안에서 택하여 주셨습니다.","Before the world was created, God had Christ choose us to live with him and to be his holy and innocent and loving people.",사랑;거룩
에베소서,1,6,하나님의 사랑하시는 아들 안에서 우리에게 거저 주신 하나님의 영광스러운 은혜를 찬미하게 하셨습니다.,"God was very kind to us because of the Son he dearly loves, and so we should praise God.",사랑;은혜;찬미
에베소서,1,7,"우리는 하나님이 사랑하시는 아들 안에서, 하나님의 풍성한 은혜를 따라서, 그분의 피로 구속 곧 죄의 용서를 받게 되었습니다.","Christ sacrificed his life's blood to set us free, which means that our sins are now forgiven. ",사랑;은혜;용서
에베소서,1,15,"그러므로 나도, 여러분이 주 예수를 믿는다는 것과, 여러분이 모든 성도를 사랑한다는 것을 듣고서,",I have heard about your faith in the Lord Jesus and your love for all of God's people.,사랑;성도
에베소서,2,4,"그러나 하나님은 자비가 넘치는 분이셔서, 우리를 사랑하신 그 큰 사랑으로,","But God was merciful! We were dead because of our sins, but God loved us so much that he made us alive with Christ, and God's wonderful kindness is what saves you.",사랑;자비
에베소서,3,17,"믿음으로 말미암아 그리스도를 여러분의 마음 속에 머물러 계시게 해주시기를 빕니다. 여러분이 사랑 속에 뿌리를 박고 터를 잡아서,",and that Christ will live in your hearts because of your faith. Stand firm and be deeply rooted in his love.,사랑;뿌리;임재
에베소서,3,18,"모든 성도와 함께, 그리스도의 사랑의 넓이와 길이와 높이와 깊이가 어떠함을 깨달을 수 있게 되고,",I pray that you and all of God's people will understand what is called wide or long or high or deep. h),사랑;넓이;길이;높이
에베소서,3,19,지식을 초월하는 그리스도의 사랑을 알게 되기를 빕니다. 그리하여 하나님의 모든 충만함으로 여러분이 충만해지기를 바랍니다.,"I want you to know all about Christ's love, although it is too wonderful to be measured. Then your lives will be filled with all that God is.",사랑;충만
에베소서,4,2,"언제나 겸손함과 온유함을 지니십시오. 사랑으로 서로 용납하면서, 오래 참으십시오.",Always be humble and gentle. Patiently put up with each other and love each other.,사랑;겸손;온유;용서
에베소서,4,15,"우리는 사랑 안에서 진리를 말하면서, 모든 면에서 자라나서, 머리이신 그리스도에게까지 이르러야 합니다.","Love should always make us tell the truth. Then we will grow in every way and be more like Christ, the head",사랑;진리
에베소서,4,16,"그리스도가 머리이시므로, 온몸은 여러 부분이 결합되고 서로 연결되어서, 각 부분이 그 맡은 분량대로 활동함을 따라 각 마디로 영양을 공급받고, 그 몸을 자라게 하여, 사랑 안에서 스스로를 세우게 합니다.","of the body. Christ holds it together and makes all of its parts work perfectly, as it grows and becomes strong because of love.",사랑;머리
에베소서,5,1,"그러므로 여러분은 사랑을 받는 자녀답게, 하나님을 본받는 사람이 되십시오.","Do as God does. After all, you are his dear children.",사랑;자녀;본받음
에베소서,5,2,"그리스도께서 우리를 사랑하셔서, 우리를 위하여 하나님 앞에 향기로운 예물과 제물로 자기 몸을 내주신 것같이, 여러분도 사랑 안에서 살아가십시오.",Let love be your guide. Christ loved us j) and offered his life for us as a sacrifice that pleases God.,사랑;예물;헌신
에베소서,5,25,"남편이신 여러분, 그리스도께서 교회를 사랑하셔서 교회를 위하여 자기를 내주신 것같이, 아내를 사랑하십시오.",A husband should love his wife as much as Christ loved the church and gave his life for it.,사랑;아내;교회
에베소서,5,28,"이와 같이, 남편들도 자기 아내를 자기 몸과 같이 사랑하여야 합니다. 자기 아내를 사랑하는 사람은 자기를 사랑하는 것입니다.","In the same way, a husband should love his wife as much as he loves himself. A husband who loves his wife shows that he loves himself.",사랑;부부
에베소서,5,33,"그러므로 여러분도 각각 자기 아내를 자기 몸과 같이 사랑하고, 아내도 자기 남편을 존중하십시오.","So each husband should love his wife as much as he loves himself, and each wife should respect her husband.",사랑;부부
에베소서,6,21,"사랑하는 형제요 주 안에서 진실한 일꾼인 두기고가, 내가 지내는 형편과 내가 하고 있는 일과 그 밖의 모든 것을 여러분에게 알릴 것입니다.","I want you to know how I am getting along and what I am doing. That's why I am sending Tychicus to you. He is a dear friend, as well as a faithful servant of the Lord. He will tell you how I am doing, and he will cheer you up.",사랑;일꾼
에베소서,6,23,"아버지 하나님과 주 예수 그리스도께서 성도들에게 평화를 내려 주시고, 믿음과 더불어 사랑을 베풀어 주시기를 빕니다.","I pray that God the Father and the Lord Jesus Christ will give peace, love, and faith to every follower!",사랑;평화;믿음
에베소서,6,24,우리 주 예수 그리스도를 변함없이 사랑하는 모든 사람에게 은혜가 있기를 빕니다.,May God be kind to everyone who keeps on loving our Lord Jesus Christ.,사랑;은혜
빌립보서,1,9,"나는 여러분의 사랑이 지식과 모든 통찰력으로 더욱더 풍성하게 되어서,",I pray that your love will keep on growing and that you will fully know and understand,사랑;통찰력
빌립보서,1,16,"좋은 뜻으로 하는 사람들은, 내가, 복음을 변호하기 위해 세우심을 받은 줄을 알고, 사랑으로 그리스도를 전파하지만,",They love Christ and know that I am here to defend the good news about him.,사랑;복음
빌립보서,2,1,"그러므로 그리스도 안에서 여러분에게 어떠한 격려나, 사랑의 어떠한 위로나, 성령의 어떠한 교제나, 어떠한 동정심과 자비가 있거든,","Christ encourages you, and his love comforts you. God's Spirit unites you, and you are concerned for others.",사랑;동정심;자비
빌립보서,2,2,"여러분은 같은 생각을 품고, 같은 사랑을 가지고, 뜻을 합하고, 한 마음이 되어서, 나의 기쁨이 넘치게 해주십시오.","Now make me completely happy! Live in harmony by showing love for each other. Be united in what you think, as if you were only one person.",사랑;기쁨
빌립보서,2,12,"그러므로 나의 사랑하는 여러분, 여러분이 언제나 순종한 대로, 내가 함께 있을 때뿐만 아니라, 지금과 같이 내가 없을 때에도 더욱더 순종하여서, 두렵고 떨리는 마음으로 자기의 구원을 이루어 나가십시오.","My dear friends, you always obeyed when I was with you. Now that I am away, you should obey even more. So work with fear and trembling to discover what it really means to be saved.",사랑;순종
빌립보서,4,1,"그러므로 사랑하고 사모하는 나의 형제자매 여러분, 나의 기쁨이요 나의 면류관인 사랑하는 여러분, 이와 같이, 주님 안에서 든든히 서십시오.","Dear friends, I love you and long to see you. Please keep on being faithful to the Lord. You are my pride and joy.",사랑;면류관
빌립보서,4,8,"마지막으로, 형제자매 여러분, 무엇이든지 참된 것과, 무엇이든지 경건한 것과, 무엇이든지 옳은 것과, 무엇이든지 순결한 것과, 무엇이든지 사랑스러운 것과, 무엇이든지 명예로운 것과, 또 덕이 되고 칭찬할 만한 것을, 이 모든 것을 여러분은 골똘히 생각하십시오.","Finally, my friends, keep your minds on whatever is true, pure, right, holy, friendly, and proper. Don't ever stop thinking about what is truly worthwhile and worthy of praise.",사랑;경건
골로새서,1,4,"그것은, 그리스도 예수를 믿는 여러분의 믿음과, 모든 성도에게 품은 여러분의 사랑을, 우리가 전해 들었기 때문입니다.","We have heard of your faith in Christ and of your love for all of God's people,",사랑;믿음
골로새서,1,5,"여러분의 믿음과 사랑은 여러분을 위하여 하늘에 쌓아 두신 소망에 근거합니다. 이 소망은, 여러분이 진리의 말씀 곧 복음을 받아들일 때에 이미 들은 것입니다.","because what you hope for is kept safe for you in heaven. You first heard about this hope when you believed the true message, which is the good news.",사랑;소망
골로새서,1,7,"여러분은 하나님의 은혜를 우리와 함께 종이 된 사랑하는 에바브라에게서 배웠습니다. 그는 여러분을 위하여 일하는 그리스도의 신실한 일꾼이요,",from our good friend Epaphras. He works together with us for Christ and is a faithful worker for you. a),사랑;신실함;일꾼
골로새서,1,8,성령 안에서 여러분의 사랑을 우리에게 알려 준 사람입니다.,He is also the one who told us about the love that God's Spirit has given you.,사랑;성령
골로새서,1,13,"아버지께서 우리를 암흑의 권세에서 건져 내셔서, 자기의 사랑하는 아들의 나라로 옮기셨습니다.","God rescued us from the dark power of Satan and brought us into the kingdom of his dear Son,",사랑;권세;암흑
골로새서,2,2,"내가 이렇게 하는 것은, 그들이 사랑으로 결속되어 마음에 격려를 받음으로써, 풍부하고도 완전한 이해력을 갖게 하고, 나아가서는 하나님의 비밀인 그리스도를 깨닫게 하려는 것입니다.","I do it to encourage them. Then as their hearts are joined together in love, they will be wonderfully blessed with complete understanding. And they will truly know Christ. Not only is he the key to God's mystery,",사랑;하나님;비밀
골로새서,3,12,"그러므로 여러분은 하나님의 택하심을 받은 거룩하고 사랑받는 사람답게, 동정심과 친절과 겸손과 온유와 오래 참음을 옷 입듯이 입으십시오.","God loves you and has chosen you as his own special people. So be gentle, kind, humble, meek, and patient.",사랑;택하심
골로새서,3,14,이 모든 것 위에 사랑을 더하십시오. 사랑은 온전하게 묶는 띠입니다.,Love is more important than anything else. It is what ties everything completely together.,사랑;띠
골로새서,3,19,"남편이 되신 여러분, 아내를 사랑하십시오. 아내를 모질게 대하지 마십시오.",A husband must love his wife and not abuse her.,사랑;부부
골로새서,4,7,"나의 모든 사정은 두기고가 여러분에게 알릴 것입니다. 그는 주님 안에서, 사랑하는 형제요 신실한 일꾼이요 함께 종이 된 사람입니다.","Tychicus is the dear friend, who faithfully works and serves the Lord with us, and he will give you the news about me.",사랑;소개
골로새서,4,9,신실하고 사랑받는 형제 오네시모도 같이 보냅니다. 그는 여러분의 동향인입니다. 그들이 이 곳 사정을 모두 여러분에게 알릴 것입니다.,"Onesimus, that dear and faithful follower from your own group, is coming with him. The two of them will tell you everything that has happened here.",사랑;소개
골로새서,4,14,사랑하는 의사 누가와 데마도 여러분에게 문안합니다.,"Our dear doctor Luke sends you his greetings, and so does Demas.",사랑;소개
데살로니가전서,1,3,"또 우리는 하나님 우리 아버지 앞에서, 여러분의 믿음의 행위와 사랑의 수고와 우리 주 예수 그리스도께 둔 소망의 인내를, 언제나 기억하고 있습니다.",we tell God our Father about your faith and loving work and about your firm hope in our Lord Jesus Christ.,사랑;행위;수고
데살로니가전서,1,4,"하나님의 사랑을 받은 형제자매 여러분, 우리는 하나님께서 여러분을 택하여 주셨음을 알고 있습니다.","My dear friends, God loves you, and we know he has chosen you to be his people.",사랑;택하심
데살로니가전서,2,8,"우리는 이와 같이 여러분을 사모하여, 여러분에게 하나님의 복음만 나누어 줄 뿐만 아니라, 우리 목숨까지도 기쁘게 내줄 생각입니다. 그것은 여러분이 우리에게 사랑을 받는 사람이 되었기 때문입니다.","We cared so much for you, and you became so dear to us, that we were willing to give our lives for you when we gave you God's message.",사랑;복음
데살로니가전서,3,6,"그런데 지금 디모데가 여러분에게서 우리에게로 돌아와서, 여러분의 믿음과 사랑의 기쁜 소식을 우리에게 전해 주었습니다. 또 여러분이 우리를 늘 좋게 생각하고 있어서, 우리가 여러분을 간절히 보고 싶어하는 것과 같이, 여러분도 우리를 간절히 보고 싶어한다고 전해 주었습니다.",Timothy has come back from his visit with you and has told us about your faith and love. He also said that you always have happy memories of us and that you want to see us as much as we want to see you.,사랑;기쁜소식
데살로니가전서,3,12,"또 우리가 여러분을 사랑하는 것과 같이, 주께서 여러분끼리 서로 나누는 사랑과, 모든 사람에게 베푸는 여러분의 사랑을 풍성하게 하고, 넘치게 해주시기를 빕니다.",May the Lord make your love for each other and for everyone else grow by leaps and bounds. That's how our love for you has grown.,사랑;풍성함
데살로니가전서,4,9,"형제자매를 사랑하는 것을 두고서는, 여러분에게 더 쓸 필요가 없겠습니다. 여러분이 직접 하나님께로부터 서로 사랑하라고 하시는 가르치심을 받아서,","We don't have to write you about the need to love each other. God has taught you to do this,",사랑;가르침
데살로니가전서,5,8,"그러나 우리는 낮에 속한 사람이므로, 정신을 차리고, 믿음과 사랑을 가슴막이로 하고, 구원의 소망을 투구로 씁시다.",But we belong to the day. So we must stay sober and let our faith and love be like a suit of armor. Our firm hope that we will be saved is our helmet.,사랑;구원;투구
데살로니가전서,5,13,"그들이 하는 일을 생각해서, 사랑으로 그들을 극진히 존경하십시오. 여러분은 서로 화목하게 지내십시오.",Show them great respect and love because of their work. Try to get along with each other.,사랑;화목
데살로니가후서,1,3,"형제자매 여러분, 우리는 여러분의 일로 언제나 하나님께 감사를 드릴 수밖에 없습니다. 그렇게 하는 것이 당연한 일이니, 그것은, 여러분의 믿음이 크게 자라고, 여러분 모두가 저마다 서로에게 베푸는 사랑이 더욱 풍성해 가고 있기 때문입니다.","My dear friends, we always have good reason to thank God for you, because your faith in God and your love for each other keep growing all the time.",사랑;감사;성장
데살로니가후서,2,10,"또한 모든 불의한 속임수로 멸망 받을 자들을 속일 것입니다. 그것은, 멸망 받을 자들이 자기를 구원하여 줄 진리의 사랑을 받아들이지 않기 때문입니다.","Lost people will be fooled by his evil deeds. They could be saved, but they will refuse to love the truth and accept it.",사랑;불의
데살로니가후서,2,13,"주님의 사랑을 받는 형제자매 여러분, 우리는 여러분의 일로 언제나 하나님께 감사하지 않을 수 없습니다. 하나님께서는 여러분을 성령으로 거룩하게 하시고, 진리를 믿게 하여 구원에 이르게 하시려고, 처음부터 여러분을 택하여 주셨기 때문입니다.","My friends, the Lord loves you, and it is only natural for us to thank God for you. God chose you to be the first ones to be saved. d) His Spirit made you holy, and you put your faith in the truth.",사랑;거룩
데살로니가후서,2,16,"우리 주 예수 그리스도와, 우리를 사랑하시고 은혜 가운데서 영원한 위로와 선한 소망을 주시는 하나님 우리 아버지께서, 친히,",God our Father loves us. He is kind and has given us eternal comfort and a wonderful hope. We pray that our Lord Jesus Christ and God our Father,사랑;위로;소망
데살로니가후서,3,5,"주께서 여러분의 마음을 인도하셔서, 여러분이 하나님의 사랑과, 그리스도의 인내에 이르게 되기를 바랍니다.",I pray that the Lord will guide you to be as loving as God and as patient as Christ.,사랑;인내
디모데전서,1,5,"이 명령의 목적은, 깨끗한 마음과 선한 양심과 거짓 없는 믿음에서 우러나오는 사랑을 불러 일으키는 것입니다.","You must teach people to have genuine love, as well as a good conscience and true faith.",사랑;거짓없는믿음
디모데전서,1,14,"우리 주께서 나에게 은혜를 넘치게 부어 주셔서, 그리스도 예수 안에서 얻는 믿음과 사랑을 누리게 하셨습니다.",Christ Jesus our Lord was very kind to me. He has greatly blessed my life with faith and love just like his own.,사랑;은혜
디모데전서,2,15,"그러나 여자가 믿음과 사랑과 거룩함을 지니고 정숙하게 살면, 아이를 낳는 일로 구원을 얻을 것입니다.","But women will be saved by having children, b) if they stay faithful, loving, holy, and modest.",사랑;구원
디모데전서,3,3,"술을 즐기지 않으며, 난폭하지 않고 너그러우며, 다투지 않으며, 돈을 사랑하지 않으며,","They must not be heavy drinkers or troublemakers. Instead, they must be kind and gentle and not love money.",사랑;절제
디모데전서,4,12,"아무도, 그대가 젊다고 해서 그대를 업신여기지 못하게 하십시오. 도리어 그대는 말과 행실과 사랑과 믿음과 순결에서, 믿는 이들의 본이 되십시오.","Don't let anyone make fun of you, just because you are young. Set an example for other followers by what you say and do, as well as by your love, faith, and purity.",사랑;본
디모데전서,6,2,"신도인 주인을 섬기는 종들은, 그 주인이 교회 신도라고 해서 가볍게 여겨서는 안 됩니다. 오히려 주인을 더 잘 섬겨야 합니다. 왜냐 하면, 이러한 섬김에서 이익을 얻는 이들이 동료 신도요 사랑하는 사람이기 때문입니다. 그대는 이런 것들을 가르치고 권하십시오.","If any of you slaves have owners who are followers, you should show them respect. After all, they are also followers of Christ, and he loves them. So you should serve and help them the best you can.",사랑;가르침
디모데전서,6,10,"돈을 사랑하는 것이 모든 악의 뿌리입니다. 돈을 좇다가, 믿음에서 떠나 헤매기도 하고, 많은 고통을 겪기도 한 사람이 더러 있습니다.",The love of money causes all kinds of trouble. Some people want money so much that they have given up their faith and caused themselves a lot of pain.,사랑;돈
디모데전서,6,11,"하나님의 사람이여, 그대는 이 악한 것들을 피하십시오. 의와 경건과 믿음과 사랑과 인내와 온유를 좇으십시오.","Timothy, you belong to God, so keep away from all these evil things. Try your best to please God and to be like him. Be faithful, loving, dependable, and gentle.",사랑;인내;온유
디모데후서,1,2,사랑하는 아들 디모데에게 편지합니다.하나님 아버지와 우리 주 그리스도 예수께서 내려 주시는 은혜와 자비와 평화가 그대에게 있기를 빕니다.,"Timothy, you are like a dear child to me. I pray that God our Father and our Lord Christ Jesus will be kind and merciful to you and will bless you with peace!",사랑;은혜;자비;평화
디모데후서,1,7,"하나님께서는 우리에게 비겁한 영을 주신 것이 아니라, 능력과 사랑과 절제의 영을 주셨습니다.","God's Spirit b) doesn't make cowards out of us. The Spirit gives us power, love, and self-control.",사랑;절제
디모데후서,1,13,"그대는 그리스도 예수 안에 있는 믿음과 사랑으로 나에게서 들은 건전한 말씀을 본보기로 삼고,","Now follow the example of the correct teaching I gave you, and let the faith and love of Christ Jesus be your model.",사랑;본보기
디모데후서,2,22,"그대는 젊음의 정욕을 피하고, 깨끗한 마음으로, 주님을 찾는 사람들과 함께 의와 믿음과 사랑과 평화를 좇으십시오.","Run from temptations that capture young people. Always do the right thing. Be faithful, loving, and easy to get along with. Worship with people whose hearts are pure.",사랑;정욕;평화
디모데후서,3,2,"사람들은 자기를 사랑하며, 돈을 사랑하며, 뽐내며, 교만하며, 하나님을 모독하며, 부모에게 순종하지 않으며, 감사할 줄 모르며, 불경스러우며,","People will love only themselves and money. They will be proud, stuck-up, rude, and disobedient to their parents. They will also be ungrateful, godless,",사랑;덕
디모데후서,3,4,"배신하며, 무모하며, 자만하며, 하나님보다 쾌락을 더 사랑하며,","They will be sneaky, reckless, and puffed up with pride. Instead of loving God, they will love pleasure.",사랑;덕
디모데후서,3,10,"그러나 그대는 나의 가르침과 행동과 의향과 믿음과 오래 참음과 사랑과 인내를 따르고,","Timothy, you know what I teach and how I live. You know what I want to do and what I believe. You have seen how patient and loving I am, and how in the past I put up with",사랑;덕
디모데후서,4,10,"데마는 이 세상을 사랑하여 나를 버리고 데살로니가로 가고, 그레스게는 갈라디아로 가고, 디도는 달마디아로 가고,","Demas loves the things of this world so much that he left me and went to Thessalonica. Crescens has gone to Galatia, and Titus has gone to Dalmatia.",사랑;소개
디도서,2,2,"나이 많은 남자들로 하여금, 절제를 하며, 위엄을 갖추며, 신중하며, 믿음과 사랑과 인내함에 있어서 건전한 사람이 되게 가르치십시오.","ell the older men to have self-control and to be serious and sensible. Their faith, love, and patience must never fail.",사랑;가르침
디도서,2,4,"그리하여 그들이 젊은 여자들을 깨우쳐서, 남편과 자녀를 사랑하며,",so the younger women will be loving wives and mothers.,사랑;교훈
디도서,3,4,"그러나 우리의 구주이신 하나님의 인자하심과 인류를 사랑하심이 나타났을 때에,",God our Savior showed us how good and kind he is.,사랑;인자하심
디도서,3,15,"나와 함께 있는 모든 사람이 그대에게 문안합니다. 믿음 안에서, 우리를 사랑하는 사람들에게 문안하여 주십시오. 은혜가 여러분 모두에게 있기를 빕니다.",Greetings to you from everyone here. Greet all of our friends who share in our faith.,사랑;인사;소개
빌레몬서,1,1,"그리스도 예수 때문에 감옥에 갇힌 나 바울과 우리의 형제 디모데는, 사랑하는 우리의 동역자 빌레몬과","From Paul, who is in jail for serving Christ Jesus, and from Timothy, who is like a brother because of our faith.",사랑;소개
빌레몬서,1,5,그대가 모든 성도들을 사랑하며 주 예수를 참으로 믿고 있다는 이야기를 듣고 있기 때문입니다.,I hear about your faith in our Lord Jesus and about your love for all of God's people.,사랑;믿음
빌레몬서,1,7,"나의 형제여, 나는 그대의 사랑으로 큰 기쁨과 위로를 받았습니다. 성도들이 그대로 말미암아 마음에 생기를 얻었기 때문입니다.","My friend, your love has made me happy and has greatly encouraged me. It has also cheered the hearts of God's people.",사랑;기쁨;위로
빌레몬서,1,9,"우리 사이의 사랑 때문에 오히려 간청을 하려고 합니다. 나 바울은 이렇게 나이를 많이 먹은 사람이요, 이제는 그리스도를 전하는 일로 또한 갇힌 몸입니다.","But I would rather ask you to do it simply because of love. Yes, as someone a) in jail for Christ,",사랑;간청
빌레몬서,1,16,"이제부터 그는 종으로서가 아니라, 종 이상으로, 곧 사랑받는 형제로 그대의 곁에 있을 것입니다. 특히 그가 나에게 그렇다면, 그대에게는 육신으로나 주 안에서나, 더욱 그렇지 않겠습니까?","but not as a slave. Onesimus is much more than a slave. To me he is a dear friend, but to you he is even more, both as a person and as a follower of the Lord.",사랑;간청
히브리서,1,9,"주님께서는 정의를 사랑하시고, 불법을 미워하셨습니다. 그러므로 하나님, 곧 주님의 하나님께서는 주님께 즐거움의 기름을 부으셔서 주님을 주님의 동료들 위에 높이 올리셨습니다"" 하였습니다.","You loved justice and hated evil, and so I, your God, have chosen you. I appointed you and made you happier than any of your friends.""",사랑;불법
히브리서,6,9,"사랑하는 여러분, 우리가 이렇게 말하지만, 여러분에게는 구원에 이르게 하는 더 좋은 것이 있다는 것을 확신합니다.","My friends, we are talking this way. But we are sure that you are doing those really good things that people do when they are being saved.",사랑;확신
히브리서,6,10,"하나님께서는 불의하신 분이 아니시므로, 여러분의 행위와 여러분이 하나님의 이름을 위하여 나타낸 사랑을 잊어버리지 않으십니다. 여러분은 성도들을 섬겼으며, 또 지금도 섬기고 있습니다.","God is always fair. He will remember how you helped his people in the past and how you are still helping them. You belong to God, and he won't forget the love you have shown his people.",사랑;섬김
히브리서,10,24,"그리고 서로 마음을 써서, 사랑과 선한 일을 하도록 격려합시다.",We should keep on encouraging each other to be thoughtful and to do helpful things.,사랑;선한일;격려
히브리서,12,6,"주께서는 사랑하시는 사람을 훈련하시고, 자녀로 받아들이시는 자마다 채찍질하신다.""",The Lord corrects the people he loves and disciplines those he calls his own.,사랑;훈련
히브리서,13,1,계속하여 서로 사랑하십시오.,Keep being concerned about each other as the Lord's followers should.,사랑
히브리서,13,5,"돈을 사랑하는 것에 얽매어 살지 말고, 지금 가지고 있는 것으로 만족하십시오. 주께서는 ""내가 너를 떠나지도 않고, 버리지도 않겠다"" 하고 말씀하셨습니다.",Don't fall in love with money. Be satisfied with what you have. The Lord has promised that he will not leave us or desert us.,사랑;돈
야고보서,1,12,"시험을 견디어 내는 사람은 복이 있습니다. 그 사람은 그의 참됨이 입증되어서, 생명의 면류관을 받을 것이기 때문입니다. 그것은 하나님을 사랑하는 사람들에게 약속된 것입니다.","God will bless you, if you don't give up when your faith is being tested. He will reward you with a glorious life, b) just as he rewards everyone who loves him.",사랑;시험;인내
야고보서,1,16,"나의 사랑하는 신도 여러분, 속지 마십시오.","Don't be fooled, my dear friends.",사랑;거짓
야고보서,1,19,"나의 사랑하는 신도 여러분, 여러분은 이것을 알아 두십시오. 누구든지 듣기는 빨리 하고, 말하기는 더디 하고, 노하기도 더디 하십시오.","My dear friends, you should be quick to listen and slow to speak or to get angry.",사랑;인내
야고보서,2,5,"나의 사랑하는 형제자매 여러분, 들으십시오. 하나님께서는 세상의 가난한 사람을 택하셔서, 믿음이 좋은 사람이 되게 하시고, 하나님을 사랑하는 이들에게 약속하신 그 나라의 상속자가 되게 하지 않으셨습니까?","My dear friends, pay attention. God has given a lot of faith to the poor people in this world. He has also promised them a share in his kingdom that he will give to everyone who loves him.",사랑;상속자;택함
야고보서,2,8,"여러분이 성경을 따라 ""네 이웃을 네 몸같이 사랑하여라"" 한 으뜸가는 법을 지키면, 그것은 잘 하는 일입니다.","You will do all right, if you obey the most important law d) in the Scriptures. It is the law that commands us to love others as much as we love ourselves.",사랑;법
베드로전서,1,8,"여러분은, 그리스도를 본 일이 없으면서도 사랑하며, 지금 그를 볼 수 없으면서도 믿으며, 말로 다 표현할 수 없는 영광과 즐거움을 바라보면서 기뻐하고 있습니다.","You have never seen Jesus, and you don't see him now. But still you love him and have faith in him, and no words can tell how glad and happy",사랑;영광
베드로전서,1,22,"여러분은 진리에 복종함으로써, 영혼을 정결하게 해서, 꾸밈없이 서로 사랑하기에 이르렀으니, 순결한 마음으로 서로 뜨겁게 사랑하십시오.","You obeyed the truth, d) and your souls were made pure. Now you sincerely love each other. But you must keep on loving with all your heart.",사랑;복종
베드로전서,2,11,"사랑하는 여러분, 나는 나그네와 거류민 같은 여러분에게 권합니다. 영혼을 거슬러 싸우는 육적인 욕정을 멀리하십시오.","Dear friends, you are foreigners and strangers on this earth. So I beg you not to surrender to those desires that fight against you.",사랑;절제
베드로전서,2,17,"모든 사람을 존경하며, 신도를 사랑하며, 하나님을 두려워하며, 왕을 존경하십시오.",Respect everyone and show special love for God's people. Honor God and respect the Emperor.,사랑;존경
베드로전서,3,8,"마지막으로 말합니다. 여러분은 모두 한 마음을 품으며, 서로 동정하며, 서로 사랑하며, 자비를 베풀며, 겸손하십시오.","Finally, all of you should agree and have concern and love for each other. You should also be kind and humble.",사랑;겸손
베드로전서,3,10,"생명을 사랑하고, 좋은 날을 보려고 하는 사람은 혀를 다스려서 악한 말을 하지 못하게 하며, 입술을 다물어서 거짓말을 하지 못하게 하여라.","""Do you really love life? Do you want to be happy? Then stop saying cruel things and quit telling lies.",사랑;거짓말
베드로전서,4,8,무엇보다도 먼저 서로 뜨겁게 사랑하십시오. 사랑은 허다한 죄를 덮어 줍니다.,"Most important of all, you must sincerely love each other, because love wipes away many sins.",사랑;죄
베드로전서,4,12,"사랑하는 여러분, 여러분을 시험하려고 시련의 불길이 여러분 가운데 일어나더라도, 무슨 이상한 일이나 생긴 것처럼 놀라지 마십시오.","Dear friends, don't be surprised or shocked that you are going through testing that is like walking through fire.",사랑;시련
베드로전서,5,14,여러분도 사랑의 입맞춤으로 서로 문안하십시오.그리스도 안에 있는 여러분 모두에게 평화가 있기를 빕니다.,Give each other a warm greeting. I pray that God will give peace to everyone who belongs to Christ.,사랑;소개
베드로후서,1,7,"경건에 상호 우애를 더하고, 상호 우애에 사랑을 더하도록 하십시오.","concern for others, and love.",사랑;우애
베드로후서,1,17,"하나님 아버지께서 그에게 존귀와 영광을 주실 때에, 곧 지극히 영광스러운 분께서 그에게 말씀하시기를 ""이 사람은 내가 사랑하는 아들이요, 내가 기뻐하는 아들이다"" 하실 때에, 우리는 거기에 있었습니다.","God, our great and wonderful Father, truly honored him by saying, ""This is my own dear Son, and I am pleased with him.""",사랑;부르심
베드로후서,2,15,"그들은 바른 길을 버리고, 그릇된 길로 갔습니다. 불의의 삯을 사랑한 보솔의 아들 발람의 길을 따라간 것입니다.",They have left the true road and have gone down the wrong path by following the example of the prophet Balaam. He was the son of Beor and loved what he got from being a crook.,사랑;불의
베드로후서,3,1,"사랑하는 여러분, 나는 여러분에게 이 두 번째 편지를 쓰고 있습니다. 나는 두 편지로 여러분의 기억을 되살려서, 여러분의 순수한 마음을 일깨우려고 합니다.","My dear friends, this is the second letter I have written to encourage you to do some honest thinking. I don't want you to forget",사랑;소개
베드로후서,3,8,"사랑하는 여러분, 이 한 가지만은 잊지 마십시오. 주님께는 하루가 천 년 같고, 천 년이 하루 같습니다.","Dear friends, don't forget that for the Lord one day is the same as a thousand years, and a thousand years is the same as one day.",사랑;시간
베드로후서,3,14,"사랑하는 여러분, 여러분이 이것을 기다리고 있으니만큼, 티도 없고 흠도 없는 사람으로, 아무 탈 없이 하나님 앞에 나아갈 수 있도록 힘쓰십시오.","My friends, while you are waiting, you should make certain that the Lord finds you pure, spotless, and living at peace.",사랑;순결
베드로후서,3,15,"그리고 우리 주님의 오래 참으심이 구원을 위한 것이라고 생각하십시오. 그것은 우리의 사랑하는 형제 바울이, 자기가 받은 지혜를 따라서 여러분에게 편지한 바와 같습니다.",Don't forget that the Lord is patient because he wants people to be saved. This is also what our dear friend Paul said when he wrote you with the wisdom that God had given him.,사랑;구원
베드로후서,3,17,"그러므로 사랑하는 여러분, 여러분은 이 사실을 미리 알고, 무법자들의 유혹에 휩쓸려서 자기의 확신을 잃는 일이 없도록 주의하십시오.","My dear friends, you have been warned ahead of time! So don't let the errors of evil people lead you down the wrong path and make you lose your balance.",사랑;유혹
요한일서,2,5,"그러나 누구든지 하나님의 말씀을 지키면, 그 사람 안에서는 하나님께 바치는 사랑이 참으로 완성됩니다. 이것으로 우리가 하나님 안에 있음을 압니다.","We truly love God only when we obey him as we should, and then we know that we belong to him.",사랑;완성
요한일서,2,7,"사랑하는 여러분, 내가 새 계명을 여러분에게 써 보내는 것이 아닙니다. 나는, 여러분이 처음부터 가지고 있는 옛 계명을 써 보냅니다. 그 옛 계명은 여러분이 처음부터 들은 그 말씀입니다.","My dear friends, I am not writing to give you a new commandment. It is the same one that you were first given, and it is the message you heard.",사랑;계명
요한일서,2,10,"자기의 형제자매를 사랑하는 사람은 빛 가운데 머물러 있는 것이니, 그 사람 앞에는 올무가 없습니다.","But if we love others, we are in the light, and we don't cause problems for them.",사랑;빛
요한일서,2,15,"여러분은 세상이나 세상에 있는 것들을 사랑하지 마십시오. 세상을 사랑하는 사람에게는, 그 안에 아버지의 사랑이 없습니다.","Don't love the world or anything that belongs to the world. If you love the world, you cannot love the Father.",사랑;세상
요한일서,3,1,"아버지께서 우리에게 얼마나 큰 사랑을 주셨는지를 생각하여 보십시오. 하나님께서 우리를 당신의 자녀라고 일컬어 주셨으니, 우리는 하나님의 자녀입니다. 세상이 우리를 알지 못하는 까닭은 아버지를 알지 못하기 때문입니다.","Think how much the Father loves us. He loves us so much that he lets us be called his children, as we truly are. But since the people of this world did not know who Christ j) is, they don't know who we are.",사랑;택하심
요한일서,3,2,"사랑하는 여러분, 이제 우리는 하나님의 자녀입니다. 앞으로 우리가 어떻게 될지는 아직 밝혀지지 않았습니다만, 그리스도께서 나타나시면, 우리도 그와 같이 될 것임을 압니다. 그 때에 우리가 그를 참 모습 그대로 뵙게 될 것이기 때문입니다.","My dear friends, we are already God's children, though what we will be hasn't yet been seen. But we do know that when Christ returns, we will be like him, because we will see him as he truly is.",사랑;하나님의 자녀
요한일서,3,10,"하나님의 자녀와 악마의 자녀가 여기에서 밝히 드러납니다. 곧, 의를 행하지 않는 사람과 자기의 형제나 자매를 사랑하지 않는 사람은 누구나, 하나님에게서 난 사람이 아닙니다.","You can tell God's children from the devil's children, because those who belong to the devil refuse to do right or to love each other.",사랑;불의
요한일서,3,11,"이것은 여러분이 처음부터 들은 소식인데, 곧 우리가 서로 사랑해야 한다는 것입니다.",From the beginning you were told that we must love each other.,사랑;소식
요한일서,3,14,우리가 이미 죽음에서 생명으로 옮겨 갔다는 것을 우리는 압니다. 이것을 아는 것은 우리가 형제자매를 사랑하기 때문입니다. 사랑하지 않는 사람은 죽음 가운데 머물러 있습니다.,"Our love for each other proves that we have gone from death to life. But if you don't love each other, you are still under the power of death.",사랑;죽음
요한일서,3,16,그리스도께서는 우리를 위하여 자기의 목숨을 버리셨습니다. 이것으로 우리가 사랑을 알게 되었습니다. 그러므로 우리도 형제자매를 위하여 목숨을 버리는 것이 마땅합니다.,We know what love is because Jesus gave his life for us. That's why we must give our lives for each other.,사랑;희생
요한일서,3,17,"누구든지, 세상 재물을 가지고 있으면서, 자기 형제나 자매의 궁핍함을 보고도, 마음 문을 닫고 도와주지 않으면, 어떻게 하나님의 사랑이 그 사람 안에 머물겠습니까?","If we have all we need and see one of our own people in need, we must have pity on that person, or else we cannot say we love God.",사랑;도움;자비
요한일서,3,18,"자녀 여러분, 우리는 말로나 혀로만 사랑하지 말고, 행함과 진실함으로 사랑합시다.","Children, you show love for others by truly helping them, and not merely by talking about it.",사랑;행함
요한일서,3,21,"사랑하는 여러분, 우리가 마음에 가책을 받지 않으면, 우리가 하나님 앞에서 담대함을 가지고 있는 것이요,","Dear friends, if we feel at ease in the presence of God, we will have the courage to come near him.",사랑;담대함
요한일서,3,23,"이것이 하나님의 계명이니, 곧 그 아들 예수 그리스도의 이름을 믿고, 그리스도께서 우리에게 명하신 대로 서로 사랑하라는 것입니다.",God wants us to have faith in his Son Jesus Christ and to love each other. This is also what Jesus taught us to do.,사랑;계명
요한일서,4,1,"사랑하는 여러분, 어느 영이든지 다 믿지 말고, 그 영들이 하나님께로부터 왔는가를 시험해 보십시오. 거짓 예언자가 세상에 많이 나타났기 때문입니다.","Dear friends, don't believe everyone who claims to have the Spirit of God. Test them all to find out if they really do come from God. Many false prophets have already gone out into the world,",사랑;거짓
요한일서,4,7,"사랑하는 여러분, 서로 사랑합시다. 사랑은 하나님께로부터 오는 것입니다. 사랑하는 사람은 다 하나님에게서 났고, 하나님을 압니다.","My dear friends, we must love each other. Love comes from God, and when we love each other, it shows that we have been given new life. We are now God's children, and we know him.",사랑;하나님
요한일서,4,8,사랑하지 않는 사람은 하나님을 알지 못합니다. 하나님은 사랑이시기 때문입니다.,"God is love, and anyone who doesn't love others has never known him.",사랑;하나님
요한일서,4,9,"하나님의 사랑이 우리에게 이렇게 드러났으니, 곧 하나님께서 당신의 독생자를 세상에 보내 주셔서, 우리로 하여금 그로 말미암아 살게 해주신 것입니다.",God showed his love for us when he sent his only Son into the world to give us life.,사랑;독생자
요한일서,4,10,"사랑은 여기에 있으니, 곧 우리가 하나님을 사랑한 것이 아니라, 하나님께서 우리를 사랑하셔서, 당신의 아들을 보내 주시고, 우리의 죄를 속하여 주시려고, 속죄제물이 되게 해주신 것입니다.","Real love isn't our love for God, but his love for us. God sent his Son to be the sacrifice by which our sins are forgiven.",사랑;속죄제물
요한일서,4,11,"사랑하는 여러분, 하나님께서 이렇게까지 우리를 사랑하셨으니, 우리도 서로 사랑해야 합니다.","Dear friends, since God loved us this much, we must love each other.",사랑;은혜
요한일서,4,12,"지금까지 하나님을 본 사람은 없습니다. 그러나 우리가 서로 사랑하면, 하나님께서 우리 가운데 계시고, 또 하나님의 사랑이 우리 가운데서 완성되는 것입니다.","No one has ever seen God. But if we love each other, God lives in us, and his love is truly in our hearts.",사랑;임재
요한일서,4,16,"우리는, 하나님께서 우리에게 주시는 사랑을 알고, 믿었습니다.하나님은 사랑이십니다. 사랑 안에 있는 사람은 하나님 안에 있고, 하나님도 그 사람 안에 계십니다.","and are sure that God loves us. God is love. If we keep on loving others, we will stay one in our hearts with God, and he will stay one with us.",사랑;임재
요한일서,4,17,"이것으로써 사랑은 우리에게서 완성된 것이니, 곧 심판 날에, 우리가 담대함을 가지는 것입니다. 우리가 이렇게 담대해지는 것은, 그리스도께서 사신 대로, 우리도 이 세상에서 그대로 살기 때문입니다.","If we truly love others and live as Christ did in this world, we won't be worried about the day of judgment.",사랑;완성
요한일서,4,18,사랑에는 두려움이 없습니다. 완전한 사랑은 두려움을 내쫓습니다. 두려움은 형벌과 맞물려 있습니다. 두려워하는 사람은 아직 사랑을 완성하지 못한 것입니다.,A real love for others will chase those worries away. The thought of being punished is what makes us afraid. It shows that we have not really learned to love.,사랑;두려움
요한일서,4,19,"우리가 하나님을 사랑함은, 하나님께서 우리를 먼저 사랑하여 주셨기 때문입니다.",We love because God loved us first.,사랑;택하심
요한일서,4,20,"하나님을 사랑한다고 하면서, 자기의 형제자매를 미워하면, 그는 거짓말쟁이입니다. 보이는 자기의 형제나 자매를 사랑하지 않는 사람은, 보이지 않는 하나님을 사랑할 수 없습니다.","But if we say we love God and don't love each other, we are liars. We cannot see God. So how can we love God, if we don't love the people we can see?",사랑;거짓말
요한일서,4,21,하나님을 사랑하는 사람은 자기의 형제자매도 사랑해야 합니다. 우리는 이 계명을 주님에게서 받았습니다.,"The commandment that God has given us is: ""Love God and love each other!""",사랑;계명
요한일서,5,1,예수가 그리스도이심을 믿는 사람은 다 하나님의 자녀입니다. 낳아 주신 분을 사랑하는 사람은 다 그에게서 태어난 이도 사랑합니다.,"If we believe that Jesus is truly Christ, we are God's children. Everyone who loves the Father will also love his children.",사랑;하나님자녀
요한일서,5,2,"우리가 하나님을 사랑하고, 그분의 계명을 지키면, 이것으로써 우리가 하나님의 자녀를 사랑하고 있음을 압니다.","If we love and obey God, we know that we will love his children.",사랑;계명
요한일서,5,3,하나님을 사랑하는 것은 그분의 계명을 지키는 것입니다. 그분의 계명은 무거운 짐이 아닙니다.,"We show our love for God by obeying his commandments, and they are not hard to follow.",사랑;짐;계명
요한이서,1,1,"장로인 나는 택하심을 받은 자매와 그 자녀들에게 이 글을 씁니다. 나는 여러분을 진정으로 사랑합니다. 나만이 아니라, 진리를 깨달은 모든 사람이 여러분을 사랑합니다.","From the church leader. a)
To a very special woman and her children. b) I truly love all of you, and so does everyone else who knows the truth.",사랑;택하심
요한이서,1,3,"하나님 아버지와 아버지의 아들 예수 그리스도께로부터 오는 은혜와 자비와 평화가, 진리와 사랑 안에서 우리와 함께 있기를 빕니다.",I pray that God the Father and Jesus Christ his Son will be kind and merciful to us! May they give us peace and truth and love.,사랑;은혜
요한이서,1,5,"자매여, 지금 내가 간청하는 것은, 우리 모두가 서로 사랑하자는 것입니다. 그렇지만, 내가 새 계명을 써 보내는 것이 아니라, 우리가 처음부터 가지고 있는 계명을 써 보내는 것입니다.","Dear friend, I am not writing to tell you and your children to do something you have not done before. I am writing to tell you to love each other, which is the first thing you were told to do.",사랑;간청
요한이서,1,6,"사랑은 다름이 아니라, 하나님의 계명을 따라 사는 것입니다. 계명은 다름이 아니라, 여러분이 처음부터 들은 대로, 사랑 안에서 살아야 한다는 것입니다.","Love means that we do what God tells us. And from the beginning, he told you to love him.",사랑;삶
요한삼서,1,1,장로인 나는 사랑하는 가이오에게 이 글을 씁니다. 나는 그대를 진정으로 사랑합니다.,"rom the church leader. a)
To my dear friend Gaius.
I love you because we follow the truth,",사랑;소개
요한삼서,1,2,"사랑하는 이여, 나는 그대의 영혼이 평안함과 같이, 그대에게 모든 일이 잘 되고, 그대가 건강하기를 빕니다.","dear friend, and I pray that all goes well for you. I hope that you are as strong in body, as I know you are in spirit.",사랑;인사
요한삼서,1,5,"사랑하는 이여, 그대가 형제자매에게, 더욱이 낯선 이들에게 봉사하는 일은, 무엇이나 충성스럽게 하고 있습니다.","Dear friend, you have always been faithful in helping other followers of the Lord, even the ones you didn't know before.",사랑;인사
요한삼서,1,6,"그들은 교회의 회중 앞에서 그대의 사랑을 증언하였습니다. 그대가 그들을, 하나님께서 보시기에 합당하게 잘 보살펴서 보내는 것은, 잘 하는 일입니다.",They have told the church about your love. They say you were good enough to welcome them and to send them on their mission in a way that God's servants deserve.,사랑;증언
요한삼서,1,11,"사랑하는 이여, 악한 것을 본받지 말고, 선한 것을 본받으십시오. 선한 일을 하는 사람은 하나님에게서 난 사람이고, 악한 일을 하는 사람은 하나님을 보지 못한 사람입니다.","Dear friend, don't copy the evil deeds of others! Follow the example of people who do kind deeds. They are God's children, but those who are always doing evil have never seen God.",사랑;본받음
유다서,1,1,"예수 그리스도의 종이요 야고보의 동생인 나 유다는, 부르심을 받은 사람들, 곧 하나님 아버지께서 사랑하시고 예수 그리스도께서 지켜 주시는 이들에게, 이 편지를 씁니다.","From Jude, a servant of Jesus Christ and the brother of James.
To all who are chosen and loved by God the Father and are kept safe by Jesus Christ.",사랑;인사
유다서,1,2,자비와 평화와 사랑이 여러분에게 가득하기를 빕니다.,"I pray that God will greatly bless you with kindness, peace, and love!",사랑;축복
유다서,1,3,"사랑하는 여러분, 나는 여러분에게 우리가 함께 나눈 구원에 관해서 편지를 써 보내려고, 여러 가지로 애써 준비를 해 왔는데 이제 여러분에게, 간곡한 권고의 편지를 쓸 필요가 생겼습니다. 그것은 성도들에게 한 번 결정적으로 전해진 그 믿음을 지키기 위하여 여러분이 힘써 싸우라는 것입니다.","My dear friends, I really wanted to write you about God's saving power at work in our lives. But instead, I must write and ask you to defend the faith that God has once for all given to his people.",사랑;소개
유다서,1,12,"이 사람들은 자기들만을 생각하면서, 염치없이 먹어 대므로, 여러분의 사랑의 식탁을 망치는 암초입니다. 그들은 바람에 밀려다니는 구름 곧 비를 내리지 않는 구름이요, 가을이 되어도 열매 하나도 맺음이 없이 죽고 또 죽어서 뿌리째 뽑힌 나무요,","These people are filthy minded, and by their shameful and selfish actions they spoil the meals you eat together. They are like clouds blown along by the wind, but never bringing any rain. They are like leafless trees, uprooted and dead, and unable to produce fruit.",사랑;권면
유다서,1,17,"사랑하는 여러분, 여러분은 우리 주 예수 그리스도의 사도들이 예고한 그 말을 기억하십시오.","My dear friends, remember the warning you were given by the apostles of our Lord Jesus Christ.",사랑;교훈
유다서,1,20,"그러나 사랑하는 여러분, 여러분은 가장 거룩한 여러분의 믿음을 터로 삼아서, 스스로를 세우고, 성령으로 기도하십시오.","Dear friends, keep building on the foundation of your most holy faith, as the Holy Spirit helps you to pray.",사랑;기도
유다서,1,21,"하나님의 사랑 안에 머무르면서 스스로를 지키고, 영원한 생명에 이르게 하는 우리 주 예수 그리스도의 자비를 기다리십시오.","And keep in step with God's love, as you wait for our Lord Jesus Christ to show how kind he is by giving you eternal life.",사랑;영원한 생명
요한계시록,1,5,"또 신실한 증인이시요 죽은 사람의 첫 열매이시요 땅 위의 왕들의 지배자이신 예수 그리스도께서 내려 주시는 은혜와 평화가, 여러분에게 있기를 빕니다.예수 그리스도께서는 우리를 사랑하시며, 자기의 피로 우리의 죄에서 우리를 해방하여 주셨고,","May kindness and peace be yours from Jesus Christ, the faithful witness. Jesus was the first to conquer death, and he is the ruler of all earthly kings. Christ loves us, and by his blood he set us free from our sins.",사랑;축복
요한계시록,2,4,그러나 너에게 나무랄 것이 있다. 그것은 네가 처음 사랑을 버린 것이다.,But I do have something against you! And it is this: You don't have as much love as you used to.,사랑;훈계
요한계시록,2,19,"나는 네 행위와 네 사랑과 믿음과 섬김과 오래 참음을 알고, 또 네 나중 행위가 처음 행위보다 더 훌륭하다는 것을 안다.","I know everything about you, including your love, your faith, your service, and how you have endured. I know that you are doing more now than you have ever done before.",사랑;칭찬
요한계시록,3,9,"보아라, 내가 사탄의 무리에 속한 자들을 네 손에 맡기겠다. 그들은 스스로 유대 사람이라고 하지만, 사실은 그렇지 않고, 거짓말을 하는 자들이다. 보아라, 내가 그들이 와서, 네 앞에 꿇어 엎드리게 하고, 내가 너를 사랑하였다는 것을 알게 하겠다.","Now you will see what I will do with those people who belong to Satan's group. They claim to be Jews, but they are liars. I will make them come and kneel down at your feet. Then they will know that I love you.",사랑;권면
요한계시록,3,19,"나는 내가 사랑하는 사람은 누구든지 책망도 하고 징계도 한다. 그러므로 너는 열심을 내어 노력하고, 회개하여라.",I correct and punish everyone I love. So make up your minds to turn away from your sins.,사랑;훈계
요한계시록,20,9,"그들은 지면으로 올라와서, 성도들의 진과 하나님께서 사랑하시는 도시를 둘러쌌습니다. 그러나 하늘에서 불이 내려와서, 그들을 삼켜 버렸습니다.",and they will march all the way across the earth. They will surround the camp of God's people and the city that his people love. But fire will come down from heaven and destroy the whole army.,사랑;경고
요한계시록,22,15,개들과 마술쟁이들과 음행하는 자들과 살인자들과 우상 숭배자들과 거짓을 사랑하고 행하는 자는 다 바깥에 남아 있게 될 것이다.,Anyone whose name wasn't written in the book of life was thrown into the lake of fire.,사랑;교훈